id;first_name;last_name;email;password
1;Bernadine;Bechtelar;Abe.Thiel@gmail.com;improvise down intestine
2;Emiliano;Green;Maynard7@hotmail.com;barge aha little
3;Kayleigh;Hartmann;Scotty.Zieme0@gmail.com;geez
4;Melissa;Runolfsdottir;Keara_Rosenbaum@hotmail.com;yowza toward unbearably
5;Marcelina;Sauer;Karlie.Jast23@gmail.com;zoom
6;Darren;Rosenbaum;Loraine7@gmail.com;yearningly
7;Gregorio;Mohr;Jacinthe.McClure@yahoo.com;um
8;Mauricio;Kulas;Cloyd.Leannon@yahoo.com;quirkily ick
9;Darrick;Larkin;Wilson_Ritchie@gmail.com;far-off without
10;Camden;Robel;Rudolph17@hotmail.com;air abnormally gosh
